{"cameraMode":{"drawMode":0,"name":"Shaded","section":"Shading Mode"},"sceneLighting":false,"audioPlay":false,"sceneViewState":{"showFog":false,"showMaterialUpdate":false,"showSkybox":false,"showFlares":false,"showImageEffects":false,"showParticleSystems":true},"in2DMode":false,"pivot":{"x":-0.6955366134643555,"y":0.8545458316802979,"z":6.935143947601318},"rotation":{"x":0.06052641198039055,"y":-0.8236899375915527,"z":0.08956418931484223,"w":0.5566415190696716},"size":10.95545482635498,"orthographic":false}